Statement,Assessment
"Women in our company earn less than men.",2
"Promotions are awarded fairly regardless of gender.",4
"Women have equal access to leadership roles.",3
"Gender bias influences project assignment decisions.",2
"Our recruitment process encourages gender diversity.",4
"Men and women receive equal performance evaluations.",3
"Women feel comfortable voicing their opinions in meetings.",4
"Parental leave policies are equally supportive for all genders.",5
"Female employees are often interrupted during discussions.",2
"Training opportunities are equally available to men and women.",4
"Gender stereotypes affect task distribution.",2
"The company actively monitors pay equity.",4
"Women are represented adequately in senior management.",3
"Harassment or discrimination complaints are taken seriously.",5
"Work-life balance expectations differ between genders.",3
"Women are mentored at the same rate as men.",3
"Male-dominated teams create barriers for women to advance.",2
"Flexible work policies support all genders equally.",4
"Women feel safe in the workplace environment.",5
"Gender equality is an explicit company priority.",4
"Decision-making roles are distributed fairly by gender.",3
"Men are more likely to be assigned strategic responsibilities.",2
"Female employees report fair treatment from supervisors.",4
"Gender-based jokes or remarks occur in the workplace.",2
"Women perceive equal opportunities for career growth.",3
"The company supports returning mothers after maternity leave.",4
"Gender balance is considered when forming teams.",3
"Men and women have equal access to remote work options.",5
"Female employees feel included in informal networking events.",3
"Women receive the same recognition for their achievements as men.",4
"Some managers show unconscious gender bias.",2
"Women are encouraged to apply for leadership positions.",4
"Meetings are facilitated to ensure equal participation.",4
"Men dominate conversations in group discussions.",2
"Company culture supports gender-balanced decision-making.",4
"Female employees feel pressured to prove themselves more than men.",2
"Workshops on gender inclusivity are regularly conducted.",5
"All genders have equal access to mentoring programs.",4
"Women’s ideas are taken seriously by colleagues.",4
"Male employees rarely take parental leave.",3
"Female staff feel they must adapt to a male-centered culture.",2
"Internal communication promotes gender inclusivity.",4
"Women feel they can report discrimination without fear.",5
"Recruiters avoid gender-coded language in job ads.",4
"Women have equal access to high-visibility assignments.",3
"Men occupy the majority of technical roles.",2
"Supervisors are trained to identify gender bias.",4
"Female employees believe their career path is supported.",4
"Women face subtle barriers to advancement.",2
"Leadership communicates a strong commitment to gender equality.",5
"Gender diversity targets are clearly defined.",4
"There is transparency in promotion criteria for all genders.",4
"Women identify fewer role models in senior positions.",3
"All genders participate equally in training programs.",4
"Feedback is delivered fairly to both men and women.",4
"Women feel excluded from influential professional networks.",2
"Gender equality performance is reviewed annually.",5
"Female employees believe their workload is comparable to men.",4
"Women report that expectations for overtime differ by gender.",3
"Gender-related grievances are resolved promptly.",5
"Women are equally considered for high-impact projects.",4
"Gender influences who speaks first in meetings.",2
"Women feel supported when returning from extended leave.",4
"Men are more often chosen as project leads.",2
"Female employees feel empowered to challenge unfair treatment.",4
"Gender inclusivity training is mandatory for managers.",5
"Women perceive subtle gendered expectations in communication style.",3
"Men and women receive similar feedback quality.",4
"Networking events are scheduled to accommodate all genders.",4
"Senior leaders promote gender-balanced workplaces.",5
"Women feel their contributions are undervalued.",2
"Gender equality goals are communicated clearly.",4
"Men are more likely to negotiate salaries successfully.",3
"Women feel encouraged to take on stretch assignments.",4
"Gender influences conference participation opportunities.",2
"The company celebrates achievements of women equally.",4
"Men dominate informal decision-making discussions.",2
"Women feel confident in reporting biased behavior.",5
"All genders feel represented in company values.",4
"Women have equal influence in cross-team collaborations.",4
"Men receive more informal mentoring than women.",3
"Managers challenge gender bias when they encounter it.",4
"Female employees feel they can advance without barriers.",4
"Women report hearing gender-insensitive remarks.",2
"Workload assignments are evenly distributed across genders.",4
"Women are equally encouraged to speak in large meetings.",4
"Gender influences who takes notes or administrative tasks.",2
"The organization tracks gender equality KPIs.",5
"Women perceive transparency in salary bands.",4
"Men feel equally responsible for caregiving duties.",3
"Women’s performance is evaluated objectively.",4
"Meetings are structured to prevent gender imbalance.",4
"Female employees feel pressured to match male behavior norms.",2
"Women are visible in key client-facing roles.",3
"Gender has no impact on who is chosen for travel assignments.",5
"Women feel confident negotiating promotions.",3
"There is a safe channel for reporting gender-related issues.",5
"Women are encouraged to participate in strategic planning.",4
"Gender balance is considered in leadership pipelines.",4
"Men show awareness of gender equality issues.",3
"Women’s concerns are addressed promptly by leadership.",4
"The company actively reduces gender-based workload disparities.",4
"Gender does not influence expectations for availability.",3
"Women feel welcome during onboarding.",5
"Female employees find equal access to internal mobility programs.",4
"Men dominate high-visibility tasks.",2
"Women feel supported by their peers.",4
"Gender affects perceptions of assertiveness.",2
"Women’s leadership style is equally respected.",4
"The company measures employee perceptions on gender equality.",5
"Female staff feel equally included in decision processes.",4
"Women feel their expertise is recognized.",4
"Gender does not influence the level of trust from managers.",4
"Women report that their ideas are sometimes overlooked.",3
"Female professionals feel encouraged to innovate.",4
"Men and women have equal opportunities for industry certifications.",5
"Gender impacts who volunteers for extra responsibility.",3
"Women are expected to handle emotional labor.",2
"Female employees feel supported during conflicts.",4
"Gender equality topics are discussed openly at work.",4
"Women perceive meetings as inclusive spaces.",4
"Men frequently interrupt women during discussions.",2
"Women receive equal support in cross-functional assignments.",4
"Female employees feel able to influence team culture.",4
"Gender balance is reflected in company branding.",3
"Women feel free to decline unreasonable requests.",4
"Gender-based assumptions affect leadership potential evaluations.",2
"Women receive equal acknowledgment during presentations.",4
"Male and female employees are equally considered for bonuses.",4
"Gender norms influence professional expectations.",3
"Female employees feel protected against retaliation.",5
"Women feel encouraged to pursue technical roles.",3
"Men and women equally participate in brainstorming sessions.",4
"Women observe fairness in dispute resolution.",4
Statement,Score
"Women in our company earn less than men.",2
"Men are more likely to be promoted than women.",3
"Women feel excluded from important decision-making meetings.",4
"Parental leave policies favor men over women.",2
"Female employees receive fewer leadership opportunities.",3
"Men dominate senior management positions.",4
"Women are discouraged from applying for technical roles.",3
"Performance evaluations show bias toward male employees.",4
"Women face microaggressions in the workplace.",3
"Female voices are less valued during team discussions.",4
"Women have limited access to mentorship programs.",3
"Gender bias affects project assignments.",3
"Men interrupt women more often during meetings.",4
"Career development resources are less available to women.",3
"Women carry more unpaid emotional labor in teams.",4
"Male employees receive more recognition for similar work.",3
"Women are underrepresented in high-visibility projects.",4
"Female employees feel pressure to conform to male-centric culture.",3
"Men are viewed as more competent leaders than women.",4
"Women report higher levels of burnout due to inequality.",3
"Gender pay transparency is lacking within the organization.",2
"Female staff experience inequality in training opportunities.",3
"Women’s contributions are overlooked in group projects.",4
"Male-dominated departments resist gender balance efforts.",4
"Women have fewer networking opportunities.",3
"Female employees face biased hiring practices.",4
"Men receive more informal support from management.",3
"Women are frequently judged on appearance over performance.",4
"Female employees feel unsafe reporting gender bias.",4
"Women experience limited career progression.",3
"Gender bias impacts who gets project leadership roles.",4
"Women are disproportionately assigned administrative tasks.",3
"There is unequal sharing of parental responsibilities assumptions.",3
"Women feel excluded from social gatherings where decisions are made.",4
"Men receive preferential treatment in workload distribution.",3
"Women face subtle discrimination from colleagues.",3
"Female applicants are screened more critically than male applicants.",4
"Women feel pressured to work harder than men to be recognized.",3
"Men are assumed to be more committed to their careers.",3
"Women lack representation on hiring panels.",3
"Promotions are granted more easily to male employees.",4
"Women receive less constructive feedback.",3
"Male colleagues speak over women in meetings.",4
"Women encounter stereotypes about leadership ability.",4
"Women hesitate to apply for promotions due to bias.",3
"Female innovators receive less credit for ideas.",4
"Women feel isolated in male-dominated teams.",3
"Men are offered more flexible schedules than women.",2
"Women are discouraged from negotiating salaries.",2
"Female performance is scrutinized more intensely.",4
"Women feel unwelcome in leadership pipelines.",4
"Gender-balanced project teams are rare.",3
"Women receive lower performance ratings despite similar output.",4
"Men are assumed to be natural leaders.",4
"Women face backlash for assertive communication.",3
"Female employees feel tokenized in diversity initiatives.",3
"Women are excluded from informal mentoring circles.",4
"Work-life balance expectations differ by gender.",3
"Women experience inequality in access to professional tools.",2
"Women receive fewer stretch assignments.",3
"Female workers feel undervalued by management.",3
"Women encounter gendered comments at work.",3
"Women face more obstacles in securing budget approvals.",3
"Men are more frequently nominated for awards.",3
"Women feel less empowered to voice concerns.",3
"Leadership training favors male communication styles.",3
"Women are disproportionately affected by company policies.",3
"Female employees report unequal treatment in evaluations.",4
"Gender stereotypes influence task delegation.",3
"Women receive fewer opportunities for high-impact roles.",4
"Female staff feel pressured to be agreeable.",3
"Women experience erasure of their contributions.",4
"Female employees must justify qualifications more than men.",4
"Women feel excluded from decision-making roles.",4
"Female staff lack clear pathways to senior management.",4
"Women experience patronizing behavior from male colleagues.",3
"Women are overlooked for technical certifications.",3
"Female interns receive less guidance than male interns.",3
"Women experience inequity in travel assignments.",2
"Men receive more trust from supervisors.",3
"Women face challenges accessing key stakeholders.",3
"Female employees feel monitored more closely.",3
"Women experience discomfort due to workplace culture.",3
"Women report gender-biased conflict resolution.",3
"Female job applicants receive fewer callbacks.",4
"Women face challenges balancing caregiving expectations.",3
"Female leadership styles are undervalued.",4
"Women’s successes are downplayed by colleagues.",4
"Female staff receive less support from team leaders.",3
"Women lack representation in strategic planning.",4
"Women are excluded from leadership succession lists.",4
"Female voices are overshadowed in meetings.",4
"Women experience gender-coded feedback.",3
"Women face stereotypes regarding emotionality.",3
"Female professionals experience slower career progression.",4
"Women perceive unequal access to company resources.",3
"Female employees receive harsher criticism for mistakes.",4
"Women feel underappreciated for their contributions.",3
Statement,Score
"Woman in our company earn less than men.",2
"Men are more likely to be promoted than women.",2
"Women have equal access to leadership roles.",4
"Parental leave policies support both genders equally.",4
"Women are interrupted more often during meetings.",2
"Our hiring process ensures equal opportunities for all genders.",5
"Men dominate top management positions.",2
"Work-life balance expectations differ for men and women.",3
"Women are encouraged to take leadership responsibilities.",4
"Gender bias influences performance evaluations.",2
"Our company provides gender-bias training.",4
"Women feel less comfortable negotiating salaries.",2
"Men receive more challenging assignments.",2
"Women and men are equally represented in project teams.",4
"Flexible work arrangements favor women disproportionately.",3
"Female employees feel supported during maternity leave.",4
"Gender stereotypes affect task allocation.",2
"Men receive more recognition for similar work.",2
"Women feel empowered to speak up in the workplace.",4
"We track gender equality metrics regularly.",4
"Female employees have fewer networking opportunities.",2
"Women have equal access to professional development programs.",4
"Gender influences who gets selected for high-visibility tasks.",2
"Our workplace culture supports gender diversity.",5
"Women experience microaggressions at work.",2
"Decision-making roles are equally shared across genders.",4
"Men are more likely to be considered experts.",2
"Women feel included in informal work discussions.",3
"Gender does not influence workload distribution.",4
"Female employees feel safe reporting discrimination.",4
"Leadership encourages gender-balanced hiring.",5
"Male employees rarely take parental leave.",2
"Women get fewer mentoring opportunities.",2
"Gender equality is actively monitored by HR.",5
"Women experience slower career progression.",2
"Work-related social events are inclusive for all genders.",4
"Recruitment ads use gender-neutral language.",5
"Women participate equally in decision-making.",4
"Men are more often chosen for technical roles.",2
"The company enforces strict anti-harassment policies.",5
"Women feel comfortable raising concerns to management.",4
"Men dominate client-facing roles.",2
"We encourage equal participation in leadership training.",5
"Gender plays no role in assigning managers.",4
"Female employees receive fair performance feedback.",4
"Women feel pressured to behave differently at work.",3
"Men and women are equally likely to receive bonuses.",4
"Promotions are based solely on merit regardless of gender.",5
"Women face subtle discrimination in team interactions.",2
"Female employees feel valued for their work.",4
"Gender diversity is prioritized in strategic planning.",5
"Woman in technical departments are underrepresented.",2
"Men are more involved in key decision meetings.",2
"Women have access to the same career pathways as men.",4
"Gender does not influence whose ideas are adopted.",4
"Women feel they belong in the company culture.",4
"Gender-based jokes are discouraged and addressed.",5
"Men take more initiative due to cultural expectations.",3
"Work environment supports women returning from leave.",4
"Leadership encourages discussions on gender equality.",5
"Women feel unequal pressure to balance family and work.",3
"Men dominate senior leadership roles.",2
"Projects are assigned without gender bias.",4
"Gender equality policies are effectively enforced.",5
"Women and men receive equal onboarding support.",4
"Women feel confident applying for higher positions.",4
"Men receive more informal mentoring.",2
"Gender does not affect perceived competence.",4
"Women are overrepresented in administrative roles.",2
"Equal pay for equal work is consistently applied.",5
"Men receive more speaking opportunities at conferences.",2
"Women feel safe in workplace environments.",4
"Gender representation is considered during promotions.",5
"Biases influence how leadership potential is judged.",2
"Female employees have leadership role models.",4
"Men and women collaborate effectively without bias.",4
"Women face barriers to networking outside work hours.",3
"Gender considerations inform company policy changes.",5
"Women are equally encouraged to participate in training.",4
"Men tend to receive more strategic roles.",2
"Women are recognized for technical expertise.",4
"Management communicates commitment to gender equality.",5
"Women sometimes feel excluded from team decisions.",3
"Equal expectations for men and women regarding overtime.",4
"Recruitment ensures diverse gender representation.",5
"Women advance through the company at the same rate as men.",4
"Men dominate discussions in group meetings.",3
"Women feel respected by colleagues and management.",4
"Gender bias rarely influences hiring decisions.",4
"Workplace promotions reflect gender balance.",4
"Women have equal leadership opportunities in all departments.",4
"Gender-related complaints are taken seriously.",5
"Female employees do not feel overlooked for key projects.",4
"Gender equality is part of our core company values.",5
"Men are not favored in leadership selection.",4
"Women perceive equal treatment in everyday interactions.",4
